{"lrs": [1e-07, 1.202264434617413e-07, 1.4454397707459276e-07, 1.7378008287493757e-07, 2.0892961308540398e-07, 2.5118864315095807e-07, 3.019951720402017e-07, 3.6307805477010147e-07, 4.3651583224016615e-07, 5.248074602497729e-07, 6.309573444801936e-07, 7.585775750291842e-07, 9.120108393559103e-07, 1.0964781961431857e-06, 1.318256738556408e-06, 1.5848931924611147e-06, 1.9054607179632488e-06, 2.290867652767775e-06, 2.754228703338169e-06, 3.311311214825914e-06, 3.981071705534977e-06, 4.7863009232263885e-06, 5.754399373371575e-06, 6.918309709189372e-06, 8.31763771102672e-06, 1.0000000000000011e-05, 1.2022644346174142e-05, 1.445439770745929e-05, 1.7378008287493774e-05, 2.089296130854042e-05, 2.5118864315095832e-05, 3.01995172040202e-05, 3.630780547701018e-05, 4.3651583224016654e-05, 5.248074602497733e-05, 6.309573444801941e-05, 7.58577575029185e-05, 9.120108393559111e-05, 0.00010964781961431868, 0.00013182567385564093, 0.0001584893192461116, 0.00019054607179632503, 0.0002290867652767777, 0.0002754228703338171, 0.00033113112148259164, 0.00039810717055349795, 0.0004786300923226392, 0.0005754399373371579, 0.0006918309709189377, 0.0008317637711026725, 0.0010000000000000018, 0.001202264434617415, 0.00144543977074593, 0.0017378008287493784, 0.002089296130854043, 0.002511886431509584, 0.0030199517204020213, 0.0036307805477010196, 0.004365158322401667, 0.005248074602497735, 0.006309573444801943, 0.007585775750291851, 0.009120108393559114, 0.010964781961431871, 0.013182567385564097, 0.015848931924611166, 0.019054607179632508, 0.022908676527677776, 0.02754228703338172, 0.033113112148259176, 0.039810717055349804, 0.04786300923226393, 0.057543993733715805, 0.06918309709189378, 0.08317637711026726, 0.1000000000000002, 0.12022644346174154, 0.14454397707459304, 0.1737800828749379, 0.2089296130854044, 0.25118864315095857, 0.3019951720402023, 0.3630780547701022, 0.436515832240167, 0.5248074602497739, 0.6309573444801948, 0.7585775750291857, 0.9120108393559121, 1.096478196143188, 1.3182567385564108, 1.584893192461118, 1.9054607179632528, 2.29086765276778, 2.7542287033381747], "losses": [2.5470383167266846, 2.5562245364140956, 2.5715050236446766, 2.571918350111436, 2.5576240638500294, 2.560022298958905, 2.5614942802063254, 2.5610076016856693, 2.55922405601992, 2.558594935810344, 2.562627129603664, 2.559702089572372, 2.559013855750681, 2.561430073256814, 2.561574650524142, 2.5638557708909397, 2.5658914698666266, 2.567078150636712, 2.5671486490482778, 2.565050302240091, 2.5657992319900536, 2.567534602329752, 2.5678731695979753, 2.5698825753701535, 2.5712298209680067, 2.570121280051348, 2.5724957097844587, 2.5721403968907337, 2.573639718320182, 2.5750486803388126, 2.5747928478885096, 2.5753265847276112, 2.5757823231437715, 2.574434006655652, 2.5737313081151436, 2.5731830650541414, 2.57390840465834, 2.5729736028922265, 2.5731583325402174, 2.5726797118462787, 2.5726913547387618, 2.5719838504581847, 2.570758600798697, 2.570499404501264, 2.5710802048536165, 2.570553349973217, 2.571604437745715, 2.5714897953610767, 2.571220242505933, 2.571345465551575, 2.572201080673631, 2.5707760408084175, 2.569799034543053, 2.5695519186368214, 2.5693147374816787, 2.5691878624810727, 2.568734171972566, 2.568994070967111, 2.5683603546749394, 2.5683861695774124, 2.5664832486198876, 2.5664459287272097, 2.5657609304694784, 2.564856901596535, 2.5634023347980284, 2.566724136374815, 2.564618599993929, 2.562982930133265, 2.5599267427772223, 2.560466809088459, 2.5617656814579433, 2.55852812449406, 2.558107670896173, 2.560654058017772, 2.560281488737363, 2.5598808736590484, 2.558328285684703, 2.5555704660946237, 2.5531965019739684, 2.557334138826011, 2.5613557172418275, 2.556949097094709, 2.5535386204083452, 2.553393595580666, 2.5713687749197125, 2.570978208196225, 2.567904084692869, 2.5730470171146993, 2.695298607485471, 2.7764220824591943, 3.5147806872231677, 4.435836608114495, 5.503385229498556, 82.30083830835649]}