{
  "baseline": {
    "accuracy": 0.4915801912921452,
    "precision_macro": 0.36667322180672923,
    "recall_macro": 0.38590739674810826,
    "f1_macro": 0.35990755044712497,
    "f1_weighted": 0.5002461977378804,
    "top5_accuracy": 0.8801469773625319,
    "roc_auc_macro": 0.8607707946254954
  },
  "improved": {
    "accuracy": 0.5897743638982237,
    "precision_macro": 0.7365069147538801,
    "recall_macro": 0.6642756731600049,
    "f1_macro": 0.6402031711622799,
    "f1_weighted": 0.6247493758798894,
    "top5_accuracy": 0.9576609180545811,
    "roc_auc_macro": 0.9359335364239368
  }
}