{
  "accuracy": 0.5897743638982237,
  "precision_macro": 0.7365069147538801,
  "recall_macro": 0.6642756731600049,
  "f1_macro": 0.6402031711622799,
  "f1_weighted": 0.6247493758798894,
  "top5_accuracy": 0.9576609180545811,
  "roc_auc_macro": 0.9359335364239368,
  "per_class": {
    "short sleeve top": {
      "precision": 0.9414634146341463,
      "recall": 0.015519459633322612,
      "f1": 0.03053555889565699
    },
    "long sleeve top": {
      "precision": 0.8198849935076981,
      "recall": 0.7076528978546269,
      "f1": 0.7596459568617341
    },
    "short sleeve outwear": {
      "precision": 0.003847772500450911,
      "recall": 0.6274509803921569,
      "f1": 0.007648640573648043
    },
    "long sleeve outwear": {
      "precision": 0.7724317295188556,
      "recall": 0.7724317295188556,
      "f1": 0.7724317295188556
    },
    "vest": {
      "precision": 0.7900355871886121,
      "recall": 0.8188860199188491,
      "f1": 0.8042021372939685
    },
    "sling": {
      "precision": 0.6724137931034483,
      "recall": 0.6842105263157895,
      "f1": 0.6782608695652174
    },
    "shorts": {
      "precision": 0.9201086956521739,
      "recall": 0.8367380560131795,
      "f1": 0.8764452113891286
    },
    "trousers": {
      "precision": 0.9816062176165803,
      "recall": 0.7837418554142104,
      "f1": 0.8715854850767727
    },
    "skirt": {
      "precision": 0.8796206696342171,
      "recall": 0.8161249775543186,
      "f1": 0.8466840536512668
    },
    "short sleeve dress": {
      "precision": 0.718475073313783,
      "recall": 0.7313432835820896,
      "f1": 0.7248520710059172
    },
    "long sleeve dress": {
      "precision": 0.588646967340591,
      "recall": 0.5449964002879769,
      "f1": 0.565981308411215
    },
    "vest dress": {
      "precision": 0.8122892469089547,
      "recall": 0.6854252292127727,
      "f1": 0.7434842249657064
    },
    "sling dress": {
      "precision": 0.6737657308809293,
      "recall": 0.611062335381914,
      "f1": 0.6408839779005525
    }
  }
}