{
  "accuracy": 0.4915801912921452,
  "precision_macro": 0.36667322180672923,
  "recall_macro": 0.38590739674810826,
  "f1_macro": 0.35990755044712497,
  "f1_weighted": 0.5002461977378804,
  "top5_accuracy": 0.8801469773625319,
  "roc_auc_macro": 0.8607707946254954,
  "per_class": {
    "short sleeve top": {
      "precision": 0.6672246050842139,
      "recall": 0.5128658732711483,
      "f1": 0.5799499886337804
    },
    "long sleeve top": {
      "precision": 0.49957615145521334,
      "recall": 0.28306115914185076,
      "f1": 0.3613694430250383
    },
    "short sleeve outwear": {
      "precision": 0.03255813953488372,
      "recall": 0.06862745098039216,
      "f1": 0.04416403785488959
    },
    "long sleeve outwear": {
      "precision": 0.4629424778761062,
      "recall": 0.36280884265279584,
      "f1": 0.40680437424058324
    },
    "vest": {
      "precision": 0.2614413466596528,
      "recall": 0.549981556621173,
      "f1": 0.3544093178036606
    },
    "sling": {
      "precision": 0.14188422247446084,
      "recall": 0.3654970760233918,
      "f1": 0.2044153720359771
    },
    "shorts": {
      "precision": 0.6078363980065303,
      "recall": 0.5827018121911038,
      "f1": 0.595003785011355
    },
    "trousers": {
      "precision": 0.7662666519872289,
      "recall": 0.7198262488364877,
      "f1": 0.742320819112628
    },
    "skirt": {
      "precision": 0.46699617346938777,
      "recall": 0.5259472077572275,
      "f1": 0.49472172958365
    },
    "short sleeve dress": {
      "precision": 0.24400977995110024,
      "recall": 0.16550580431177447,
      "f1": 0.19723320158102767
    },
    "long sleeve dress": {
      "precision": 0.1285892634207241,
      "recall": 0.14830813534917206,
      "f1": 0.1377465730524908
    },
    "vest dress": {
      "precision": 0.24833937198067632,
      "recall": 0.5200758773316472,
      "f1": 0.33616021252682127
    },
    "sling dress": {
      "precision": 0.2390873015873016,
      "recall": 0.2115891132572432,
      "f1": 0.22449930135072194
    }
  }
}